address,beds,baths,sqft,date,price,city,type
  1005 Benedict Canyon Dr,8,11,10379,03/08/2014Hilton & HylandFeatured ,1.80E+07,Beverly Hills,sfh
  10084 Westwanda Dr,2,3,2013,12/11/2013Coldwell Banker Residential Brokerage - Sherman OaksFeatured ,950000,Beverly Hills,sfh
  1009 N Beverly Dr,4,5,3476,03/18/2014Hilton & Hyland ,9750000,Beverly Hills,sfh
  1010 N Rexford Dr,5,6.5,7718,03/01/2014John Aaroe Group ,16500000,Beverly Hills,sfh
  10101 Angelo View Dr,3,1.5,4000,03/24/2014Rodeo Realty Inc. ,24250000,Beverly Hills,sfh
  1013 N Beverly Dr,7,8,6365,03/18/2014Hilton & Hyland ,13450000,Beverly Hills,sfh
  1014 Laurel Way,6,8.5,11200,03/24/2014Coldwell Banker Residential Brokerage - Beverly Hills NorthFeatured ,11745000,Beverly Hills,sfh
  1015 N Beverly Dr,7,6.5,7000,03/24/2014Rodeo Realty - Beverly Hills ,8950000,Beverly Hills,sfh
  1029 Hanover Dr,5,5.5,5300,12/11/2013Coldwell Banker Residential Brokerage - Beverly Hills SouthFeatured ,13995000,Beverly Hills,sfh
  1085 Carolyn Way,4,4,3200,03/24/2014Coldwell Banker Residential Brokerage - Beverly Hills NorthFeatured ,3255000,Beverly Hills,sfh
  1088 N Hillcrest Rd,4,6,4230,02/25/2014Hilton & Hyland ,10995000,Beverly Hills,sfh
  1089 N Hillcrest Rd,6,7,4436,01/01/2014Coldwell Banker Residential Brokerage - Beverly Hills SouthFeatured ,6495000,Beverly Hills,sfh
  1091 Laurel Way,8,12,14000,03/25/2014Nourmand & Associates-BH ,18950000,Beverly Hills,sfh
  1119 Wallace Rdg,4,3.5,4002,02/28/2014Hilton & Hyland ,7750000,Beverly Hills,sfh
  1120 Loma Vista Dr,4,4,4182,03/24/2014Coldwell Banker Residential Brokerage - Beverly Hills SouthFeatured ,5295000,Beverly Hills,sfh
  1130 Coldwater Canyon Dr,4,4.5,2690,03/24/2014Coldwell Banker Residential Brokerage - Beverly Hills NorthFeatured ,2595000,Beverly Hills,sfh
  1133 Tower Rd,4,7,6141,03/24/2014Coldwell Banker Residential Brokerage - Beverly Hills SouthFeatured ,7995000,Beverly Hills,sfh
  1152 Calle Vista Dr,6,8,4092,03/24/2014Coldwell Banker Residential Brokerage - Beverly Hills NorthFeatured ,15500000,Beverly Hills,sfh
  1178 Eventide Pl,4,3,2991,02/25/2014Hilton & Hyland ,2995000,Beverly Hills,sfh
  11955 Pinnacle Pl,4,6,5017,03/24/2014Coldwell Banker Residential Brokerage - Beverly Hills NorthFeatured ,3650000,Beverly Hills,sfh
  12055 Summit Cir,7,8,10000,03/14/2014Nelson Shelton & Associates ,12880000,Beverly Hills,sfh
  1225 Beverly Estates Ter,4,4,2927,03/25/2014Coldwell Banker Residential Brokerage - Beverly Hills SouthFeatured ,2895000,Beverly Hills,sfh
  1234 Coldwater Canyon Dr,4,4,3405,03/24/2014Coldwell Banker Residential Brokerage - Sunset StripFeatured ,2795000,Beverly Hills,sfh
  1240 Benedict Canyon Dr,7,9,10993,03/17/2014Coldwell Banker Residential Brokerage - Beverly Hills SouthFeatured ,15995000,Beverly Hills,sfh
  12630 Mulholland Dr,4,4,4130,02/25/2014Hilton & Hyland ,4995000,Beverly Hills,sfh
  12701 Mulholland Dr,2,2,1712,03/24/2014Coldwell Banker Residential Brokerage - Beverly Hills NorthFeatured ,1399000,Beverly Hills,sfh
  1278 Angelo Dr,4,5,6898,03/24/2014Coldwell Banker Residential Brokerage - Beverly Hills SouthFeatured ,12500000,Beverly Hills,sfh
  1280 Monte Cielo Dr,6,7,5214,03/25/2014Ferraro & Assoc. ,4499000,Beverly Hills,sfh
  1292 Monte Cielo Dr,7,8,8000,03/19/2014The Agency ,6999000,Beverly Hills,sfh
  1312 Beverly Grove Pl,4,4.5,5523,03/19/2014Teles PropertiesFeatured ,3389000,Beverly Hills,sfh
  1317 Delresto Dr,5,5,5239,02/27/2014Hilton & Hyland ,6995000,Beverly Hills,sfh
  1320 Beverly Grove Pl,5,6,5911,03/24/2014Sotheby's International Realty -Featured ,5250000,Beverly Hills,sfh
  1323 Shadybrook Dr,3,3.5,4169,03/03/2014Barcode Properties ,2799000,Beverly Hills,sfh
  1326 Benedict Canyon Dr,4,6,4830,03/22/2014KELLER WILLIAMS BEVERLY HILLS REALTY ,3339000,Beverly Hills,sfh
  1328 Beverly Grove Pl,4,3,2394,02/10/2014Coldwell Banker Residential Brokerage - Beverly Hills SouthFeatured ,2399000,Beverly Hills,sfh
  1331 Schuyler Rd,5,6,5393,03/24/2014Coldwell Banker Residential Brokerage - Beverly Hills NorthFeatured ,3895000,Beverly Hills,sfh
  1335 Carla Ln,3,4,3450,03/01/2014John Aaroe Group ,5495000,Beverly Hills,sfh
  13870 Mulholland Dr,6,9,11000,03/08/2014RE/MAX GRAND CENTRAL ,7900000,Beverly Hills,sfh
  13964 Aubrey Rd,7,9.5,14000,03/24/2014Coldwell Banker Real Estate Brokerage ,13400000,Beverly Hills,sfh
  13981 Aubrey Rd,5,7,7979,03/01/2014Hilton & Hyland ,9900000,Beverly Hills,sfh
  14047 Aubrey Rd,5,7,7166,01/29/2014Coldwell Banker Residential Brokerage - Beverly Hills NorthFeatured ,7200000,Beverly Hills,sfh
  1465 Benedict Canyon Dr,4,4,3705,03/01/2014John Aaroe Group ,2950000,Beverly Hills,sfh
  1471 Robmar Dr,3,2,1526,03/24/2014Coldwell Banker Residential Brokerage - Beverly Hills NorthFeatured ,999000,Beverly Hills,sfh
  1501 N Beverly Dr,4,4,3464,03/24/2014Coldwell Banker Residential Brokerage - Beverly Hills NorthFeatured ,2695000,Beverly Hills,sfh
  1510 Lexington Rd,5,5,6690,01/31/2014Coldwell Banker Residential Brokerage - Beverly Hills NorthFeatured ,16900000,Beverly Hills,sfh
  1549 Lindacrest Dr,4,5,4583,02/28/2014The Agency ,4995000,Beverly Hills,sfh
  1569 Lindacrest Dr,3,4,3800,03/07/2014Hilton & Hyland ,3995000,Beverly Hills,sfh
  1637 N Beverly Dr,3,3,2700,03/24/2014Coldwell Banker Residential Brokerage - Beverly Hills NorthFeatured ,2049000,Beverly Hills,sfh
  1668 Lindacrest Dr,4,5,3825,03/17/2014Keller Williams Realty Hollywood Hills ,3150000,Beverly Hills,sfh
  1680 Clear View Dr,4,3,3185,03/24/2014Sotheby's International Realty -Featured ,1999000,Beverly Hills,sfh
  1731 Summitridge Dr,3,2822,NA,3/19/2014,3880000,Beverly Hills,sfh
  1811 Loma Vista Dr,4,4.5,5363,03/25/2014Nourmand & Associates-BH ,4949000,Beverly Hills,sfh
  1916 San Ysidro Dr,4,4,2730,01/07/2014Direct Express Funding Inc ,2119000,Beverly Hills,sfh
  1930 Benedict Canyon Dr,5,6,5892,03/19/2014Engel & Volkers Santa MonicaFeatured ,5249000,Beverly Hills,sfh
  1944 N Beverly Dr,5,5.5,5000,03/24/2014Rodeo Realty - Beverly Hills ,2600000,Beverly Hills,sfh
  1952 Coldwater Canyon Dr,4,5,2886,03/16/2014Berkshire Hathaway HomeService ,1590000,Beverly Hills,sfh
  1955 Loma Vista Dr,4,5,3876,03/24/2014Coldwell Banker Residential Brokerage - Beverly Hills SouthFeatured ,3875000,Beverly Hills,sfh
  1966 Carla Rdg,5,6,5877,03/14/2014Hilton & Hyland ,8999000,Beverly Hills,sfh
  1975 Loma Vista Dr,4,5,4195,03/24/2014Sotheby's International Realty -Featured ,4395000,Beverly Hills,sfh
  2055 N Beverly Dr,3,3,2459,03/21/2014Hilton & Hyland ,1990000,Beverly Hills,sfh
  2147 Coldwater Canyon Dr,4,3.5,3590,12/11/2013Coldwell Banker Residential Brokerage - Beverly Hills SouthFeatured ,2475000,Beverly Hills,sfh
  2229 Summitridge Dr,5,6,9757,02/27/2014SSR MAIN Inc. ,5450000,Beverly Hills,sfh
  22760 Saddle Peak Rd,3,2.5,3006,03/24/2014Coldwell Banker Real Estate Brokerage ,2950000,Beverly Hills,sfh
  2376 Kimridge Rd,3,3.5,3943,03/24/2014Coldwell Banker Residential Brokerage - Beverly Hills NorthFeatured ,2295000,Beverly Hills,sfh
  2383 Bowmont Dr,4,4.5,3794,03/24/2014Sotheby's International Realty -Featured ,3595000,Beverly Hills,sfh
  2411 Benedict Canyon Dr,3,4,3258,03/24/2014Rodeo Realty - Beverly Hills ,1895000,Beverly Hills,sfh
  2481 Summitridge Dr,1,1,8049,03/21/2014John Aaroe Group ,8195000,Beverly Hills,sfh
  2569 Benedict Canyon Dr,4,4,2874,03/18/2014John Aaroe GroupFeatured ,2750000,Beverly Hills,sfh
  2601 Summitridge Dr,3,2,1497,02/25/2014Hilton & Hyland ,14900000,Beverly Hills,sfh
  2654 Eden Pl,4,7,3422,03/25/2014Nourmand & Associates-BH ,4349000,Beverly Hills,sfh
  2670 Bowmont Dr,8,11,10357,03/24/2014Rodeo Realty - Beverly Hills ,8695000,Beverly Hills,sfh
  2700 Hutton Dr,4,4,3400,03/18/2014Coldwell Banker Residential Brokerage - Beverly Hills SouthFeatured ,2999999,Beverly Hills,sfh
  2720 Benedict Canyon Dr,7,6,6658,02/28/2014KELLER WILLIAMS BEVERLY HILLS REALTY ,4795000,Beverly Hills,sfh
  2743 Ellison Dr,2,3.5,1612,03/24/2014Sotheby's International Realty -Featured ,1950000,Beverly Hills,sfh
  2761 Hutton Dr,3,3,3185,03/24/2014Coldwell Banker Residential Brokerage - Beverly Hills NorthFeatured ,2495000,Beverly Hills,sfh
  2799 Ellison Dr,3,2.5,2415,03/24/2014Sotheby's International Realty -Featured ,2295000,Beverly Hills,sfh
  2845 Royston Pl,4,6,3900,03/24/2014Coldwell Banker Residential Brokerage - Beverly Hills NorthFeatured ,2825000,Beverly Hills,sfh
  3025 Benedict Canyon Dr,4,5,4069,12/21/2013Coldwell Banker Residential Brokerage - Beverly Hills SouthFeatured ,1695000,Beverly Hills,sfh
  3085 Franklin Canyon Dr,3,4,2781,03/22/2014Pinnacle Estate Properties In ,1700000,Beverly Hills,sfh
  3087 Deep Canyon Dr,7,7,4201,03/17/2014Coldwell Banker Residential Brokerage - Beverly Hills SouthFeatured ,2595000,Beverly Hills,sfh
  3183 Abington Dr,5,6,6123,12/11/2013Coldwell Banker Residential Brokerage - Beverly Hills NorthFeatured ,3695000,Beverly Hills,sfh
  329 N Palm Dr,4,4,3920,02/27/2014Coldwell Banker Residential Brokerage - Beverly Hills SouthFeatured ,3649000,Beverly Hills,sfh
  425 Martin Ln,5,6.5,6600,03/01/2014John Aaroe GroupFeatured ,9900000,Beverly Hills,sfh
  511 Doheny Rd,7,9,8704,01/29/2014Coldwell Banker Residential Brokerage - Beverly Hills SouthFeatured ,12900000,Beverly Hills,sfh
  516 N Rexford Dr,5,4,6600,03/24/2014Rodeo Realty - Beverly Hills ,8500000,Beverly Hills,sfh
  519 N ,5,7,6195,2/27/2014,6089685,Beverly Hills,sfh
  520 N Rexford Dr,4,4,3305,03/10/2014Featured ,4695000,Beverly Hills,sfh
  525 Chalette Dr,4,6,6350,02/25/2014Hilton & HylandFeatured ,9998000,Beverly Hills,sfh
  607 N Alta Dr,6,6,5310,03/24/2014Coldwell Banker Residential Brokerage - Beverly Hills SouthFeatured ,5585000,Beverly Hills,sfh
  610 Walden Dr,4,4,5586,8/23/2013,5495000,Beverly Hills,sfh
  613 Mountain Dr,7,8,13227,12/11/2013Coldwell Banker Residential Brokerage - Beverly Hills SouthFeatured ,24995000,Beverly Hills,sfh
  613 N Elm Dr,3,5,5625,03/25/2014Nourmand & Associates-BH ,5890000,Beverly Hills,sfh
  614 N Palm Dr,5,9,8457,03/23/2014The Agency ,9500000,Beverly Hills,sfh
  616 Foothill Rd,7,9,9888,03/24/2014Coldwell Banker Residential Brokerage - Beverly Hills SouthFeatured ,9995000,Beverly Hills,sfh
  618 N Sierra Dr,5,7.5,6221,02/25/2014Hilton & Hyland ,9995000,Beverly Hills,sfh
  627 N Arden Dr,7,6.5,6006,03/03/2014Coldwell Banker Residential Brokerage - Beverly Hills SouthFeatured ,8499000,Beverly Hills,sfh
  631 N Crescent Dr,6,3,3299,03/08/2014Coldwell Banker Residential Brokerage - Beverly Hills NorthFeatured ,8500000,Beverly Hills,sfh
  700 N Arden Dr,5,5,4443,03/24/2014Gibson InternationalFeatured ,6495000,Beverly Hills,sfh
  701 N Hillcrest Rd,9,14,12417,03/01/2014John Aaroe Group ,1.50E+07,Beverly Hills,sfh
  709 N Beverly Dr,6,7,8762,03/04/2014Coldwell Banker Residential Brokerage - Beverly Hills NorthFeatured ,12900000,Beverly Hills,sfh
  710 Walden Dr,5,6,5422,01/29/2014Coldwell Banker Residential Brokerage - Beverly Hills SouthFeatured ,7399000,Beverly Hills,sfh
  711 N Beverly Dr,7,7,6311,03/14/2014Bernard E. Cohen Investments Inc. ,7500000,Beverly Hills,sfh
  729 N Camden Dr,4,4,3432,03/24/2014Coldwell Banker Residential Brokerage - Beverly Hills NorthFeatured ,8750000,Beverly Hills,sfh
  801 N Doheny Dr,4,5,2983,03/24/2014Coldwell Banker Residential Brokerage - Beverly Hills NorthFeatured ,2795000,Beverly Hills,sfh
  818 N Roxbury Dr,4,6,9302,03/24/2014Coldwell Banker Residential Brokerage - Beverly Hills NorthFeatured ,13800000,Beverly Hills,sfh
  9011 Alto Cedro Dr,5,5.5,4069,03/18/2014Coldwell Banker Residential Brokerage - Beverly Hills SouthFeatured ,6375000,Beverly Hills,sfh
  909 N ,5,6,6736,3/14/2014,11900000,Beverly Hills,sfh
  9123 Hazen Dr,4,3.5,4355,03/19/2014Teles Properties ,2850000,Beverly Hills,sfh
  9152 Janice Pl,7,9,8520,03/24/2014Coldwell Banker Residential Brokerage - Beverly Hills NorthFeatured ,8395000,Beverly Hills,sfh
  917 Loma Vista Dr,7,13,12000,03/06/2014The Agency ,17900000,Beverly Hills,sfh
  917 N Crescent Dr,8,12,15000,03/04/2014Coldwell Banker Residential Brokerage - Beverly Hills SouthFeatured ,16500000,Beverly Hills,sfh
  9307 Readcrest Dr,4,4.5,5200,3/21/2014,5500000,Beverly Hills,sfh
  9321 Cherokee Ln,4,5,4000,03/07/2014Hilton & Hyland ,3195000,Beverly Hills,sfh
  9324 Beverly Crest Dr,3,2.5,1700,03/24/2014Rodeo Realty Inc. ,2395000,Beverly Hills,sfh
  945 Foothill Rd,6,9,11838,03/21/2014Hilton & Hyland ,2.10E+07,Beverly Hills,sfh
  9480 Readcrest Dr,6,8,6000,02/25/2014Hilton & Hyland ,9995000,Beverly Hills,sfh
  9501 Gloaming Dr,7,6,6377,03/24/2014Westside Estate Agency ,29500000,Beverly Hills,sfh
  9504 Highridge Dr,4,5,2468,03/18/2014Coldwell Banker Residential Brokerage - Beverly Hills SouthFeatured ,1795000,Beverly Hills,sfh
  9544 Oak Pass Rd,3,3,2828,03/15/2014Teles Properties Inc. ,3295000,Beverly Hills,sfh
  9565 Cherokee Ln,5,5,4222,01/29/2014Regent Brokergae Co. ,2750000,Beverly Hills,sfh
  9617 Yoakum Dr,3,2,1592,03/18/2014Deasy Penner & Partners ,1489000,Beverly Hills,sfh
  9647 Heather Rd,4,4,3800,02/25/2014Coldwell Banker Residential Brokerage - BrentwoodFeatured ,1750000,Beverly Hills,sfh
  9653 Oak Pass Rd,5,6,5717,02/25/2014Hilton & Hyland ,5250000,Beverly Hills,sfh
  9719 Royce Ct,5,4.5,3600,03/24/2014Coldwell Banker Residential Brokerage - Beverly Hills SouthFeatured ,2995000,Beverly Hills,sfh
  9755 Oak Pass Rd,3,3,2939,03/25/2014Nourmand & Associates-BH ,2260000,Beverly Hills,sfh
  9784 Drake Ln,4,4.5,4460,03/24/2014Coldwell Banker Residential Brokerage - Beverly Hills SouthFeatured ,4950000,Beverly Hills,sfh
  9789 Tottenham Ct,4,4,2424,03/24/2014Sotheby's International Realty -Featured ,1795000,Beverly Hills,sfh
  9792 Suffolk Dr,4,4,3211,03/08/2014Partners Trust Real Estate Brokerage & Acquisitions ,2995000,Beverly Hills,sfh
  9800 San Cir,5,6,6007,03/24/2014Signature Properties ,5995000,Beverly Hills,sfh
  9819 Stan Pl,6,5,4940,03/20/2014Teles Properties ,2999995,Beverly Hills,sfh
  9820 Easton Dr,2,2,1110,03/08/2014Coldwell Banker Residential Brokerage - Beverly Hills NorthFeatured ,875000,Beverly Hills,sfh
  9827 Easton Dr,2,3,2770,03/15/2014Keller Williams Realty Hollywood Hills ,1599000,Beverly Hills,sfh
  9844 Gloucester Dr,6,7,5371,03/25/2014Coldwell Banker Residential Brokerage - Beverly Hills SouthFeatured ,3250000,Beverly Hills,sfh
  9901 Kip Dr,5,7,8100,03/21/2014Coldwell Banker Residential Brokerage - Beverly Hills NorthFeatured ,7995000,Beverly Hills,sfh
  9903 Anthony Pl,5,5,3892,03/24/2014Coldwell Banker Residential Brokerage - Beverly Hills SouthFeatured ,2749000,Beverly Hills,sfh
  9903 Kip Dr,5,6,5745,03/24/2014Coldwell Banker Residential Brokerage - Beverly Hills NorthFeatured ,5250000,Beverly Hills,sfh
  9904 Kip Dr,10,22,29000,02/28/2014Hilton & Hyland ,4.30E+07,Beverly Hills,sfh
  9909 Beverly Grove Dr,4,6,7500,03/07/2014Hilton & Hyland ,13490000,Beverly Hills,sfh
  9959 Westwanda Dr,2,2,1295,02/17/2014Coldwell Banker Residential Brokerage - Beverly Hills SouthFeatured ,995000,Beverly Hills,sfh
  9962 Westwanda Dr,3,3,2370,03/24/2014Rodeo Realty Inc. ,1169000,Beverly Hills,sfh
  9969 Westwanda Dr,3,3,2392,03/18/2014Deasy Penner & Partners ,1575000,Beverly Hills,sfh
  Address Not Available,10,11.5,18000,12/14/2013Coldwell Banker Residential Brokerage - Beverly Hills SouthFeatured ,19950000,Beverly Hills,sfh
  Bcdr,3,3,3100,03/21/2014Re/Max Tri-City ,1688800,Beverly Hills,sfh
  Beverly Grv,4,6,7500,03/15/2014Sunset Strip Realty ,13500000,Beverly Hills,sfh
  Maybrook Dr,5,5,3200,03/22/2014Hochman Advisors & Associates ,3650000,Beverly Hills,sfh
 1625 Summitridge Dr,4,4.5,5180,03/24/2014Coldwell Banker Residential Brokerage - Beverly Hills NorthFeatured ,6500000,Beverly Hills,sfh
 2524 Hutton Dr,4,4,2459,03/25/2014Coldwell Banker Residential Brokerage - Beverly Hills SouthFeatured ,1895000,Beverly Hills,sfh
 9570 Heather Rd,6,8,9623,12/11/2013Coldwell Banker Residential Brokerage - Beverly Hills SouthFeatured ,7695000,Beverly Hills,sfh
  10684 Cranks Rd,4,3,2410,03/24/2014Yager Realty Of CaliforniaFeatured ,1490000,culver city,sfh
  10815 Molony Rd,4,3,2247,02/15/2014RE/MAX ESTATE PROPERTIES ,1300000,culver city,sfh
  10855 Fairbanks Way,3,2.5,1421,12/11/2013,775000,culver city,sfh
  10860 Whitburn St,2,2,1340,03/19/2014Keller Williams Realty ,769000,culver city,sfh
  10966 Braddock Dr,3,3,1894,03/18/2014Daniel Kirkham Broker ,1100000,culver city,sfh
  11048 Wagner St,4,6,2599,03/17/2014Keller WilliamsFeatured ,1289000,culver city,sfh
  11124 Pickford Way,4,2,1676,03/03/2014Keller WilliamsFeatured ,1049000,culver city,sfh
  11172 Braddock Dr,3,3,2066,03/25/2014South Coast Real Estate Group ,1095000,culver city,sfh
  11201 Segrell Way,3,3,2343,03/07/2014Keller Williams Palos Verdes Realty ,974900,culver city,sfh
  11220 Ryandale Dr,3,2,1287,03/20/2014Heyler Realty ,779000,culver city,sfh
  11941 Mcdonald St,4,3,1480,03/18/2014Andrew Watkins Esq. ,899000,culver city,sfh
  11953 Wagner St,5,3,2097,03/18/2014CENTURY 21 Union Realty Co. Inc. ,760000,culver city,sfh
  12025 Culver Dr,3,3,1608,03/22/2014Innovative Property Strategies ,699000,culver city,sfh
  12140 Havelock Ave,4,3,1650,02/10/2014Flying V Realty ,798000,culver city,sfh
  12208 Havelock Ave,3,2,1421,03/10/2014Keller Williams - Marina/LAFeatured ,849000,culver city,sfh
  3827 Goldwyn Ter,4,3,1577,03/21/2014CENTURY 21 MastersFeatured ,799888,culver city,sfh
  3911 Prospect Ave,7,7,4104,03/24/2014Rodeo Realty Inc. ,1495000,culver city,sfh
  4071 Lafayette Pl Apt 2,3,3.5,2388,03/24/2014The Real Estate Consultants ,974000,culver city,sfh
  4116 Higuera St,3,2,970,03/18/2014Coldwell Banker Residential Brokerage - Pacific PalisadesFeatured ,679000,culver city,sfh
  4186 Center St,3,1,1020,03/22/2014Keller Williams Santa Monica ,765000,culver city,sfh
  4208 Jasmine Ave,3,2,1312,02/12/2014AskTaunee.com ,969000,culver city,sfh
  4271 Madison Ave,5,4,3348,03/15/2014Keller Williams Hollywood Hills ,1898000,culver city,sfh
  4831 Berryman Ave,5,2,1646,12/14/2013Keller WilliamsFeatured ,699000,culver city,sfh
  5005 Purdue Ave,3,3,1518,03/19/2014Teles Properties ,699000,culver city,sfh
  5041 Purdue Ave,2,1,1149,03/11/2014Keller Williams ,675900,culver city,sfh
  5352 Emporia Ave,4,3,1719,03/06/2014RE/MAX ESTATE PROPERTIES ,755000,culver city,sfh
  6116 Melvil St,2,2,1100,03/19/2014Teles Properties ,740000,culver city,sfh
  9011 Krueger St,3,2,1520,03/18/2014John Aaroe Group ,969000,culver city,sfh
 4025 Coogan Cir,3,3,1943,03/25/2014Coldwell Banker Residential Brokerage - Santa Monica WestwoodFeatured ,1100000,culver city,sfh
3420 Sherbourne Dr,3,2.5,1545,03/04/2014RE/MAX Olson and Associates - CA ,2195,culver city,sfh
 ,2,1,690,03/06/2014Norwood Realty ,499500,Palms,sfh
  1901 S Corning St,3,3,1720,03/23/2014Nelson Shelton & Associates ,749000,Palms,sfh
  1911 Chariton St,3,2,1449,03/03/2014RE/MAX ESTATE PROPERTIES ,699900,Palms,sfh
  2006 Preuss Rd,3,3,1387,03/23/2014Keller Williams Santa MonicaFeatured ,819000,Palms,sfh
  2010 Preuss Rd,3,3,1387,03/24/2014Keller WilliamsFeatured ,769000,Palms,sfh
  2130 Guthrie Dr,7,6.5,5400,03/25/2014The RFC Group ,2795000,Palms,sfh
  2146 Guthrie Dr,4,5,3362,02/12/2014Bron Realty Group ,2200000,Palms,sfh
  2216 Duxbury Cir,4,4,3159,03/19/2014Teles PropertiesFeatured ,2395000,Palms,sfh
  2223 S Beverly Dr,3,3.5,2259,03/24/2014Teles PropertiesFeatured ,1479000,Palms,sfh
  2322 Duxbury Cir,3,2,2360,02/28/2014Berkshire Hathaway HomeService ,1995500,Palms,sfh
  2610 S bedford St,2,2,1206,03/24/2014Keller Williams Realty Westside ,749000,Palms,sfh
  2614 Chariton St,3,1,1080,02/12/2014John Donahue Realty ,570000,Palms,sfh
  2642 S Halm Ave,2,1,1176,12/14/2013Executive Bankers Realty ,3.00E+05,Palms,sfh
  2823 S Holt Ave,2,1,973,02/17/2014ACME Real Estate ,499000,Palms,sfh
  2913 S Beverly Dr,4,3,2483,03/22/2014Innovative Property Strategies ,1249950,Palms,sfh
  3020 Kelton Ave,2,1,947,03/24/2014Sotheby's International Realty -Featured ,799000,Palms,sfh
  3119 Curts Ave,3,2,1455,03/14/2014Excellence Real EstateFeatured ,719000,Palms,sfh
  3143 Glendon Ave,4,3,4122,03/24/2014Coldwell Banker Residential Brokerage - BrentwoodFeatured ,1595000,Palms,sfh
  3211 Kelton Ave,5,5,3800,03/17/2014RE/MAX Estate PropertiesFeatured ,1895000,Palms,sfh
  3420 Military Ave,4,5,4518,03/03/2014Keller WilliamsFeatured ,1550000,Palms,sfh
  3567 Overland Ave,7,4,2434,03/17/2014Pinnacle Estate Properties I ,1075000,Palms,sfh
  3613 Glendon Ave Apt 101,2,2,1345,03/23/2014Keller Williams Santa MonicaFeatured ,499000,Palms,sfh
  3622 Tilden Ave,3,3,2120,01/18/2014KELLER WILLIAMS BEVERLY HILLS REALTY ,1095000,Palms,sfh
  8610 Cadillac Ave,5,4,2196,03/17/2014RealtyZoom ,869000,Palms,sfh
  8656 Cadillac Ave,NA,NA,2933,03/19/2014Pinnacle Estate Properties Inc. ,949000,Palms,sfh
  8721 Guthrie Ave,2,1,1195,03/24/2014Coldwell Banker Residential Brokerage - Los FelizFeatured ,629000,Palms,sfh
  8801 Cattaraugus Ave,3,3,1671,02/27/2014RE/MAX MASTERS REALTY ,747650,Palms,sfh
  8807 Cattaraugus Ave,3,1,909,03/24/2014Keller Williams East Foothills Market Center ,540000,Palms,sfh
  8924 Cadillac Ave,2,2,1280,03/11/2014Jaune Group ,699000,Palms,sfh
  8933 Hargis St,4,3,1867,03/24/2014KELLER WILLIAMS BEVERLY HILLS REALTY ,979500,Palms,sfh
  8939 David Ave,3,2,1518,03/24/2014Keller Williams Santa Monica ,749000,Palms,sfh
  8970 Cadillac Ave,3,2,1583,03/21/2014RE/MAX Estate PropertiesFeatured ,699000,Palms,sfh
  8970 W 24th St,3,1,1550,03/23/2014Featured ,779000,Palms,sfh
  9124 W 24th St,3,2,1557,03/11/2014Coldwell Banker Residential Brokerage - Beverly Hills SouthFeatured ,885000,Palms,sfh
  9619 National Blvd,3,3,1394,03/09/2014Coldwell Banker Residential Brokerage - Beverly Hills NorthFeatured ,671000,Palms,sfh
  9626 Bolton Rd,3,1.5,2940,03/24/2014Rodeo Realty - Beverly Hills ,1599000,Palms,sfh
 3255 Kelton Ave,2,2,1475,03/25/2014Rodeo Realty- BrentwoodFeatured ,9.00E+05,Palms,sfh
 8958 Kramerwood Pl,3,2,1258,03/17/2014Keller Williams ,649000,Palms,sfh
  13208 Summertime Ln,1,1,674,03/18/2014Keller WilliamsFeatured ,279000,Culver City,condo
  4067 Lincoln Ave Apt 2,2,2.5,1610,03/24/2014Rodeo Realty - Beverly Hills ,879000,Culver City,condo
  4900 Overland Ave,1,1,751,01/25/2014Palisades Realty ,344000,Culver City,condo
  4919 Indian Wood Rd,3,2,1095,03/06/2014RE/MAX MEGA GROUP ,449000,Culver City,condo
  4919 Indian Wood Rd Unit 399,3,2,1095,03/18/2014Re/Max Mega Group ,449000,Culver City,condo
  5301 Summertime Ln,2,2,1073,02/27/2014Keller WilliamsFeatured ,429000,Culver City,condo
  5600 Kensington Way Unit 105,3,2,1365,03/25/2014Legacy Realty & Investments ,445000,Culver City,condo
  5845 Doverwood Dr Unit 106,2,2,1265,03/25/2014Weatherby Realty ,439000,Culver City,condo
  5870 Green Valley Cir Unit 201,2,1,1042,03/18/2014The Real Estate ConsultantsFeatured ,365000,Culver City,condo
  5950 Canterbury Dr Unit C113,2,2,1029,03/10/2014The Real Estate ConsultantsFeatured ,399000,Culver City,condo
  5974 Buckingham Pkwy Unit 201,2,2,1168,03/19/2014Teles Properties ,399000,Culver City,condo
  6000 Canterbury Dr Unit M226,3,2,1238,03/18/2014Keller Williams ,575000,Culver City,condo
  6050 Canterbury Dr Unit F223,3,2,1208,03/24/2014The Real Estate Consultants ,479500,Culver City,condo
  6174 Buckingham Pkwy Unit 103,2,2,1041,03/24/2014Excel Funding Real Estate Services inc. ,368000,Culver City,condo
  6174 Buckingham Pkwy Unit 205,1,1,837,03/25/2014RE/MAX Estate Properties ,315000,Culver City,condo
  6235 Green Valley Cir,2,3,1214,03/19/2014Berkshire Hathaway HomeService ,510000,Culver City,condo
  6315 Green Valley Cir Unit 306,2,2,1347,03/14/2014Keller Williams Porter Ranch ,375000,Culver City,condo
  6315 Hannum Ave,3,3,2018,8/10/2013,649000,Culver City,condo
  6355 Green Valley Cir Unit 211,2,2,885,03/24/2014Keller Williams Santa Monica ,375000,Culver City,condo
  6375 Green Valley Cir Unit 214,2,2,972,03/22/2014HVH Inc. ,389900,Culver City,condo
  6425 Green Valley Cir Unit 302,3,2,1524,01/15/2014Coldwell Banker Residential Brokerage - Westchester/Playa VistaFeatured ,479000,Culver City,condo
  6605 Green Valley Cir Unit 213,2,2,885,12/11/2013Coldwell Banker Residential Brokerage - Westchester/Playa VistaFeatured ,319000,Culver City,condo
  6665 Green Valley Cir Unit 320,2,2,1252,03/22/2014Jizelle Joan ,390000,Culver City,condo
  8213 Raintree Cir,1,1,740,03/18/2014TRG Realestate Group Inc. ,315000,Culver City,condo
  9202 Summertime Ln # 202,1,1,724,03/25/2014Power Brokers International ,252250,Culver City,condo
  addressunknown,3,3,1743,03/25/2014C.A. Realty Group ,720000,Culver City,condo
 5674 Windsor Way Unit 202,1,1,772,03/25/2014The Real Estate ConsultantsFeatured ,349000,Culver City,condo
 5845 Doverwood Dr Unit 112,3,3,1432,03/06/2014Real Estate eBroker Inc. ,499000,Culver City,condo
  10521 National Blvd,1,1,548,03/14/2014RE/MAX Estate Properties ,309900,Palms,condo
  10521 National Blvd Apt 107,1,1,548,03/14/2014RE/MAX ESTATE PROPERTIES ,309900,Palms,condo
  11121 Queensland St Apt B11,1,1,721,03/24/2014Sotheby's International Realty -Featured ,299000,Palms,condo
  3401 S Bentley Ave Apt 302,2,2,1170,03/24/2014ERA Matilla Realty ,585000,Palms,condo
  3618 Keystone Ave Apt 4,2,3,1364,03/17/2014New Hope Realty Inc ,520000,Palms,condo
  3637 Glendon Ave Apt 103,1,1,701,03/21/2014The Smart Money Group ,319000,Palms,condo
  3640 Cardiff Ave Apt 201,1,1,676,03/25/2014The Agency ,299000,Palms,condo
  3701 Glendon Ave Apt 9,2,3,1419,03/24/2014Coldwell Banker Residential Brokerage - Santa Monica WestwoodFeatured ,524000,Palms,condo
  9313 National Blvd Apt 101,1,1,692,03/24/2014Rodeo Realty Inc. ,349000,Palms,condo
  9313 National Blvd Apt 203,2,2,824,03/18/2014Keller WilliamsFeatured ,399000,Palms,condo
 3300 S Sepulveda Blvd Apt G9,2,2,1224,03/24/2014Keller Williams Realty Santa MonicaFeatured ,399000,Palms,condo
